Language Name	Population (LP)	Internet Population (IPop)	Economy (PPPGDP)	Internet addresses (IPv4)	dummy	LP_ranked	IPop_ranked	PPPGDP_ranked	IPv4_ranked	including regions ...	geos_OBOR
English	1472.52	719.34	34772.16	2143.38	True	1.00	1.00	1.00	1.00	[HK, CN, MO, IN, PH, EG, BD, TH, TR, PL, IQ, IL, RO, MY, SG, JO, CZ, KZ, YE, HR, HU, BG, LB, BA, SK, SI, LT, BT, BN, US, PK, NG, GB, DE, ET, TZ, CA, FR, AU, SD, IT, ZA, BR, MX, NL, ES, MW, CM, SE, KE, BE, AT, GR, ZW, GH, CH, DK, IE, MA, NZ, MG, FI, ER, PG, LR, SS, AR, PT, JM, DZ, ZM, SL, LK, BW, CL, RW, UG, TT, MU, SZ, NP, FJ, GY, GM, CY, SB, PA, LS, MT, BS, BZ, BB, VU, NA, LC, KI, VC, GD, AG, DM, FM, KN, MH, HN, SC, TO, DO, WS, PW, TV, AC, AI, AS, AW, BM, CC, CK, CX, DG, FK, GG, GI, GU, IM, IO, JE, KY, MP, MS, NF, NR, NU, PM, PN, PR, SH, SX, TA, TC, TK, UM, VG, VI]	[IN, PH, EG, BD, TH, TR, PL, IQ, IL, RO, MY, SG, JO, CZ, KZ, YE, HR, HU, BG, LB, BA, SK, SI, LT, BT, BN]
Chinese (Simplified)	1229.24	564.22	14881.13	304.15	True	2.00	2.00	2.00	2.00	[CN, HK, MO, SG, MN]	[SG, MN]
Hindi	511.34	77.65	2794.70	15.52	True	3.00	10.00	10.00	20.00	[IN, ZA, FJ, NP, UG]	[IN]
Spanish	431.72	221.50	8493.68	280.87	True	4.00	3.00	3.00	3.00	[PH, MX, ES, CO, AR, US, VE, PE, CL, EC, GT, DO, BO, HN, SV, DE, NI, CR, UY, PA, GQ, PY, BZ, MA, TT, AD, CU, CW, EA, IC, PR, SX]	[PH]
Arabic	275.60	110.37	5068.82	41.81	True	5.00	4.00	4.00	13.00	[EG, SA, IQ, YE, AE, JO, KW, LB, OM, QA, IL, IR, BH, TR, TJ, PS, SY, DZ, SD, MA, TN, LY, MR, SS, TD, KM, ER, ML, NG, CM, DJ, NE, KE, CY, EH, SO]	[EG, SA, IQ, YE, AE, JO, KW, LB, OM, QA, IL, IR, BH, TR, TJ, PS, SY]
Bengali	254.63	25.57	1050.55	4.80	True	6.00	20.00	18.00	47.00	[BD, IN, GB, NP]	[BD, IN]
Urdu	235.69	28.32	1133.28	6.88	True	7.00	17.00	17.00	39.00	[IN, PK, MU]	[IN]
Portuguese	217.71	104.61	3162.03	81.85	True	8.00	6.00	9.00	8.00	[MO, TL, BR, AO, PT, MZ, GW, FR, CV, ST, AG]	[TL]
French	214.52	92.41	4459.03	159.61	True	9.00	8.00	5.00	5.00	[LB, SY, FR, MG, CM, DE, CI, TN, ML, CA, DZ, MA, SN, BI, NE, BE, TG, IT, BF, BJ, CG, GN, CD, TD, CF, US, CH, GA, MR, HT, LU, KM, VU, GQ, SC, MU, DJ, GB, RW, AD, BL, GF, GP, MC, MF, MQ, NC, PF, PM, RE, TF, WF, YT]	[LB, SY]
Russian	185.82	107.92	4125.90	64.79	True	10.00	5.00	7.00	11.00	[CN, RU, UA, KZ, UZ, KG, BY, TJ, IL, LV, TM, GE, EE, LT, MD, MN, DE, US, FI, SJ]	[RU, UA, KZ, UZ, KG, BY, TJ, IL, LV, TM, GE, EE, LT, MD, MN]
Indonesian	158.99	25.39	1542.97	12.15	True	11.00	21.00	14.00	24.00	[ID, NL]	[ID]
Swahili	135.37	17.91	231.08	3.55	True	12.00	26.00	58.00	53.00	[TZ, CD, UG, KE, MZ, BI, ZA, SO, YT]	
Punjabi (Arabic)	127.81	13.93	584.55	3.66	True	13.00	31.00	25.00	52.00	[PK]	
Japanese	121.40	104.56	4440.50	192.69	True	14.00	7.00	6.00	4.00	[JP, BR]	
German	94.63	78.10	4117.17	147.75	True	15.00	9.00	8.00	6.00	[KZ, HU, CZ, RO, PL, SK, DE, AT, CH, BR, US, IT, CA, LU, PY, BE, DK, NA, LI]	[KZ, HU, CZ, RO, PL, SK]
Telugu	89.52	13.52	487.87	2.62	True	16.00	33.00	27.00	64.00	[IN]	[IN]
Marathi	87.03	13.14	474.32	2.55	True	17.00	35.00	28.00	66.00	[IN]	[IN]
Javanese	84.66	13.58	820.57	6.09	True	18.00	32.00	22.00	42.00	[ID, MY]	[ID, MY]
Wu Chinese	81.65	37.39	968.95	19.93	True	19.00	13.00	20.00	16.00	[CN]	
Vietnamese	78.22	34.77	465.55	18.88	True	20.00	15.00	31.00	18.00	[CN, VN, US]	[VN]
Tamil	77.88	12.70	468.33	2.71	True	21.00	37.00	29.00	61.00	[IN, MY, SG, LK, MU, RE]	[IN, MY, SG]
Persian	75.01	19.56	1017.78	8.57	True	22.00	24.00	19.00	29.00	[IR, AF, IQ, QA, AE, TJ, OM, PK]	[IR, AF, IQ, QA, AE, TJ, OM]
Turkish	75.00	35.64	1466.21	19.60	True	23.00	14.00	15.00	17.00	[TR, BG, UZ, UA, MK, RO, DE, CY, NL, GR]	[TR, BG, UZ, UA, MK, RO]
Lahnda	73.07	7.97	334.20	2.09	True	24.00	50.00	39.00	77.00	[IN, PK]	[IN]
Italian	66.86	41.49	2368.19	69.77	True	25.00	12.00	11.00	10.00	[HR, SI, IT, DE, FR, US, CA, BR, AU, CH, GB, SM, VA]	[HR, SI]
Filipino	59.82	22.76	456.27	9.95	True	26.00	23.00	32.00	27.00	[PH, US]	[PH]
Gujarati	55.95	8.45	304.93	1.64	True	27.00	46.00	43.00	89.00	[IN, KE]	[IN]
Thai	54.58	15.80	771.60	6.92	True	28.00	29.00	23.00	38.00	[TH]	[TH]
Korean	53.91	44.90	1796.43	118.69	True	29.00	11.00	12.00	7.00	[CN, KR, US, JP, BR, KP]	
Egyptian Arabic	53.57	26.55	582.27	8.02	True	30.00	19.00	26.00	31.00	[EG]	[EG]
Kannada	46.00	6.95	250.71	1.35	True	31.00	53.00	56.00	95.00	[IN]	[IN]
Chinese (Traditional)	42.35	30.23	1606.32	59.79	True	32.00	16.00	13.00	12.00	[HK, MO, MY, ID, TH, VN, PH, BN, TW, US, AU, GB, SR, PA, GF, PF]	[MY, ID, TH, VN, PH, BN]
Pashto	40.91	4.03	169.07	0.98	True	33.00	81.00	66.00	106.00	[AF, AE, IR, PK]	[AF, AE, IR]
Malayalam	40.55	6.67	262.50	1.52	True	34.00	54.00	52.00	92.00	[IN, AE, MY, BH, SG, IL, QA, GB]	[IN, AE, MY, BH, SG, IL, QA]
Oriya	39.79	6.01	216.83	1.16	True	35.00	58.00	59.00	100.00	[IN]	[IN]
Xiang Chinese	39.46	18.07	468.32	9.63	True	36.00	25.00	30.00	28.00	[CN]	
Polish	38.54	24.06	887.17	20.67	True	37.00	22.00	21.00	15.00	[PL, UA, IL, CZ, SK, RO, DE]	[PL, UA, IL, CZ, SK, RO]
Nigerian Pidgin	35.55	13.51	204.26	0.45	True	38.00	34.00	64.00	160.00	[NG]	
Punjabi (Gurmukhi)	35.34	5.72	208.81	2.01	True	39.00	63.00	63.00	81.00	[IN, SG, GB, KE]	[IN, SG]
Burmese	32.96	0.41	142.79	0.03	True	40.00	232.00	73.00	382.00	[MM, BD]	[MM, BD]
Algerian Arabic	31.46	5.19	433.73	3.08	True	41.00	66.00	33.00	59.00	[DZ]	
Hakka Chinese	31.30	14.33	371.43	7.64	True	42.00	30.00	36.00	33.00	[CN]	
Bhojpuri	30.84	4.71	166.11	1.36	True	43.00	72.00	67.00	94.00	[IN, NP, MU]	[IN]
Dutch	30.79	27.19	1357.87	73.23	True	44.00	18.00	16.00	9.00	[NL, DE, BE, SR, FR, AW, BQ, CW, SX]	
Ukrainian	30.24	12.75	263.69	8.02	True	45.00	36.00	51.00	32.00	[UA, MD, PL, SK, RS]	[UA, MD, PL, SK, RS]
Sundanese	29.75	4.71	286.67	2.12	True	46.00	71.00	47.00	76.00	[ID]	[ID]
Amharic	29.37	0.59	43.35	0.08	True	47.00	199.00	136.00	288.00	[IL, ET]	[IL]
Hausa (Latin)	29.04	8.51	134.04	0.30	True	48.00	45.00	76.00	183.00	[NG, NE, GH]	
Oromo	28.63	0.62	41.15	0.05	True	49.00	194.00	141.00	333.00	[ET, KE, SO]	
Moroccan Arabic	28.58	16.01	210.26	5.63	True	50.00	27.00	62.00	45.00	[MA]	
Uzbek (Latin)	26.22	9.87	139.68	0.20	True	51.00	41.00	74.00	208.00	[UZ, TM, TR]	[UZ, TM, TR]
Min Nan Chinese	25.85	11.84	306.83	6.31	True	52.00	38.00	42.00	41.00	[CN]	
Sindhi (Arabic)	25.14	2.88	117.83	0.72	True	53.00	92.00	84.00	125.00	[IN, PK]	[IN]
Awadhi	24.23	3.65	130.12	0.70	True	54.00	86.00	78.00	127.00	[IN, NP]	[IN]
Malay (Latin)	23.59	15.84	607.62	5.99	True	55.00	28.00	24.00	43.00	[MY, SG, BN]	[MY, SG, BN]
Cebuano	23.40	8.66	154.34	1.30	True	56.00	44.00	69.00	96.00	[PH]	[PH]
Gan Chinese	23.13	10.59	274.53	5.65	True	57.00	40.00	50.00	44.00	[CN]	
Yoruba	22.70	8.40	127.68	0.28	True	58.00	47.00	80.00	189.00	[NG, BJ]	
Romanian	22.18	11.08	360.30	10.42	True	59.00	39.00	37.00	26.00	[RO, MD, IL, UA, RS, HU]	[RO, MD, IL, UA, RS, HU]
Igbo	22.01	8.36	126.44	0.28	True	60.00	48.00	81.00	191.00	[NG]	
Malagasy	20.67	0.45	28.90	0.15	True	61.00	223.00	163.00	232.00	[MG]	
Nepali	19.32	2.72	66.32	0.43	True	62.00	95.00	112.00	166.00	[IN, BT, NP]	[IN, BT]
South Azerbaijani	18.47	5.80	298.64	2.65	True	63.00	60.00	44.00	62.00	[IR]	[IR]
Azerbaijani (Arabic)	18.47	5.80	298.64	2.65	True	63.00	60.00	44.00	62.00	[IR]	[IR]
Maithili	17.98	2.66	88.18	0.49	True	65.00	96.00	96.00	154.00	[IN, NP]	[IN]
Saraiki	16.62	1.81	75.99	0.48	True	66.00	118.00	106.00	156.00	[PK]	
Northeastern Thai	16.37	4.74	231.48	2.08	True	67.00	70.00	57.00	78.00	[TH]	[TH]
Assamese	16.16	2.44	88.09	0.47	True	68.00	102.00	97.00	157.00	[IN]	[IN]
Rangpuri	15.65	1.49	62.06	0.23	True	69.00	133.00	119.00	200.00	[BD, IN]	[BD, IN]
Madurese	15.62	2.47	150.50	1.11	True	70.00	101.00	71.00	102.00	[ID]	[ID]
Magahi	14.92	2.25	81.31	0.44	True	72.00	107.00	101.00	162.00	[IN]	[IN]
Marwari	14.92	2.25	81.31	0.44	True	72.00	107.00	101.00	162.00	[IN]	[IN]
Haryanvi	14.92	2.25	81.31	0.44	True	72.00	107.00	101.00	162.00	[IN]	[IN]
Sinhala	14.16	3.10	135.69	0.37	True	74.00	90.00	75.00	174.00	[LK]	
Nyanja	13.88	1.00	17.81	0.24	True	75.00	158.00	208.00	198.00	[MW, ZM, MZ, ZW]	
Chhattisgarhi	13.68	2.07	74.54	0.40	True	76.00	111.00	108.00	169.00	[IN]	[IN]
Khmer	13.43	0.81	41.04	0.22	True	77.00	178.00	142.00	202.00	[KH]	[KH]
Zulu	13.12	6.25	160.38	6.36	True	78.00	57.00	68.00	40.00	[ZA, LS, SZ, MW, MZ]	
Hungarian	12.50	8.67	279.52	7.12	True	79.00	43.00	49.00	37.00	[HU, RO, SK, RS, UA, IL, SI, AT]	[HU, RO, SK, RS, UA, IL, SI]
Deccan	12.31	1.86	67.08	0.36	True	80.00	116.00	111.00	176.00	[IN]	[IN]
Greek	12.28	7.52	317.46	7.55	True	81.00	52.00	41.00	35.00	[AL, EG, UA, RO, TR, GR, CY, DE, GB, IT]	[AL, EG, UA, RO, TR]
Malay (Arabic)	11.43	1.82	111.39	0.82	True	82.00	117.00	85.00	119.00	[ID, BN, CC]	[ID, BN]
Nigerian Fulfulde	11.34	4.31	65.17	0.14	True	83.00	75.00	113.00	240.00	[NG]	
Kazakh (Cyrillic)	10.99	5.93	253.10	1.78	True	84.00	59.00	55.00	86.00	[KZ, TR]	[KZ, TR]
Quechua	10.86	4.30	103.83	1.27	True	85.00	76.00	89.00	97.00	[PE, BO, EC]	
Shona	10.62	1.97	20.76	0.07	True	86.00	113.00	193.00	297.00	[ZW]	
Czech	10.31	7.64	281.83	8.44	True	87.00	51.00	48.00	30.00	[CZ]	[CZ]
Belarusian	10.06	5.42	175.25	2.06	True	88.00	65.00	65.00	79.00	[BY, UA, PL]	[BY, UA, PL]
Akan	9.97	1.23	40.16	0.19	True	89.00	142.00	144.00	213.00	[GH]	
Sorani Kurdish	9.96	1.58	148.45	0.55	True	90.00	128.00	72.00	147.00	[IQ, IR]	[IQ, IR]
Wolof	9.90	2.07	22.21	0.16	True	91.00	110.00	182.00	227.00	[SN, MR]	
Low German	9.83	8.27	427.77	14.80	True	92.00	49.00	34.00	21.00	[DE, NL]	
Tunisian Arabic	9.80	4.29	107.76	3.29	True	93.00	77.00	86.00	57.00	[TN]	
Xhosa	9.56	4.66	119.32	4.76	True	94.00	73.00	83.00	48.00	[ZA, LS]	
Swedish	9.46	8.96	409.75	26.19	True	95.00	42.00	35.00	14.00	[SE, FI, AX]	
Kinyarwanda	9.38	0.86	14.86	0.27	True	96.00	173.00	225.00	193.00	[RW, UG, CD]	
Iloko	9.36	3.46	61.74	0.52	True	97.00	88.00	120.00	151.00	[PH]	[PH]
Tigrinya	9.14	0.14	12.48	0.02	True	98.00	335.00	244.00	407.00	[IL, ET, ER]	[IL]
Baluchi	8.88	1.53	76.93	0.55	True	99.00	132.00	104.00	149.00	[IR, AE, AF, OM, PK]	[IR, AE, AF, OM]
Azerbaijani (Latin)	8.85	5.13	151.76	0.76	True	100.00	67.00	70.00	123.00	[AZ, TR, AM]	[AZ, TR, AM]
Afrikaans	8.52	3.60	102.91	3.76	True	101.00	87.00	90.00	51.00	[ZA, NA, BW]	
Haitian	8.36	0.89	14.23	0.13	True	102.00	169.00	229.00	249.00	[HT]	
Serbian (Latin)	8.19	4.31	102.65	2.52	True	103.00	74.00	91.00	69.00	[RS, ME, BA, RO, TR, RU, XK]	[RS, ME, BA, RO, TR, RU]
Hiligaynon	8.19	3.03	54.02	0.45	True	104.00	91.00	125.00	159.00	[PH]	[PH]
Sichuan Yi	8.16	3.74	96.89	1.99	True	105.00	85.00	92.00	83.00	[CN]	
Sylheti	8.16	0.80	36.63	0.68	True	106.00	179.00	150.00	132.00	[BD, GB]	[BD]
Bulgarian	8.15	4.27	129.97	4.63	True	107.00	78.00	79.00	49.00	[BG, MD, TR, UA, RO, GR]	[BG, MD, TR, UA, RO]
Tajik (Cyrillic)	8.13	1.30	20.62	0.07	True	108.00	136.00	194.00	292.00	[TJ]	[TJ]
Bavarian	8.06	6.50	357.88	10.79	True	109.00	55.00	38.00	25.00	[AT]	
Catalan	8.05	5.77	258.12	5.11	True	110.00	62.00	53.00	46.00	[ES, FR, IT, AD]	
Hebrew	7.87	5.57	257.51	7.61	True	111.00	64.00	54.00	34.00	[IL]	[IL]
Bambara (Latin)	7.75	0.18	11.58	0.03	True	112.00	314.00	254.00	388.00	[ML]	
Serbian (Cyrillic)	7.55	3.95	93.00	2.30	True	113.00	82.00	93.00	72.00	[RS, BA, ME, XK]	[RS, BA, ME]
Uyghur (Arabic)	7.49	3.43	88.83	1.83	True	114.00	89.00	95.00	84.00	[CN, AF]	[AF]
Minangkabau	7.44	1.18	71.67	0.53	True	115.00	145.00	110.00	150.00	[ID]	[ID]
Luba-Lulua	7.39	0.16	4.84	0.01	True	116.00	324.00	332.00	441.00	[CD]	
Standard Moroccan Tamazight	7.23	4.05	53.17	1.42	True	117.00	80.00	126.00	93.00	[MA]	
Kikuyu	7.11	2.77	21.38	0.65	True	118.00	93.00	188.00	134.00	[KE]	
Kanauji	6.96	1.05	37.95	0.20	True	119.00	154.00	146.00	206.00	[IN]	[IN]
Congo Swahili	6.93	0.15	4.54	0.01	True	120.00	331.00	336.00	451.00	[CD]	
Fulah	6.86	0.73	13.42	0.07	True	121.00	185.00	235.00	303.00	[SN, GN, CM, MR]	
Santali	6.84	1.03	37.27	0.20	True	122.00	156.00	147.00	209.00	[IN]	[IN]
Danish	6.82	6.28	294.36	14.67	True	123.00	56.00	46.00	22.00	[DK, DE, IS, GL]	
Mossi	6.77	0.30	11.10	0.02	True	124.00	262.00	257.00	393.00	[BF]	
Turkmen (Latin)	6.67	1.09	87.20	0.33	True	125.00	151.00	98.00	178.00	[TM, IR, AF]	[TM, IR, AF]
Northern Thai	6.55	1.90	92.59	0.83	True	126.00	115.00	94.00	118.00	[TH]	[TH]
Somali	6.25	0.35	10.33	0.09	True	127.00	242.00	265.00	273.00	[ET, KE, DJ, SO]	
Southern Sotho	6.05	2.14	57.51	2.16	True	128.00	109.00	121.00	75.00	[ZA, LS]	
Umbundu	6.04	1.15	48.17	0.33	True	129.00	146.00	131.00	177.00	[AO]	
Krio	5.80	0.10	11.15	0.05	True	130.00	372.00	256.00	338.00	[SL]	
Mewati	5.72	0.86	31.17	0.17	True	131.00	171.00	161.00	221.00	[IN]	[IN]
Tswana	5.67	2.32	74.10	2.24	True	132.00	105.00	109.00	73.00	[ZA, BW, ZW, NA]	
Rundi	5.66	0.07	4.97	0.01	True	133.00	390.00	330.00	442.00	[BI]	
Croatian	5.55	3.82	124.11	3.51	True	134.00	84.00	82.00	54.00	[HR, BA, RS, HU, DE, AT, IT]	[HR, BA, RS, HU]
Guarani	5.50	2.03	44.51	0.87	True	135.00	112.00	135.00	114.00	[PY, BO, AR]	
Southern Thai	5.46	1.58	77.16	0.69	True	136.00	129.00	103.00	129.00	[TH]	[TH]
Dyula	5.42	0.24	8.88	0.02	True	137.00	287.00	279.00	410.00	[BF]	
Finnish	5.35	4.90	214.82	13.46	True	138.00	68.00	60.00	23.00	[RU, FI, SE]	[RU]
Kashmiri (Arabic)	5.35	0.89	32.77	0.39	True	139.00	168.00	158.00	170.00	[IN, PK, GB]	[IN]
Tok Pisin	5.22	0.34	11.95	0.04	True	140.00	245.00	250.00	346.00	[PG]	
Betawi	5.21	0.82	50.17	0.37	True	141.00	177.00	127.00	173.00	[ID]	[ID]
Kimbundu	5.21	0.99	41.53	0.29	True	142.00	160.00	140.00	188.00	[AO]	
Armenian	5.20	2.61	62.12	1.16	True	143.00	97.00	118.00	101.00	[AM, RU, GE, LB, IR, TR, SY, CY]	[AM, RU, GE, LB, IR, TR, SY]
Norwegian Bokm?l	5.10	4.84	328.01	15.79	True	144.00	69.00	40.00	19.00	[NO, SJ]	
Northern Sotho	4.98	2.44	62.29	2.49	True	145.00	103.00	116.00	70.00	[ZA]	
Slovak	4.94	3.83	130.63	2.52	True	146.00	83.00	77.00	68.00	[SK, RS, HU]	[SK, RS, HU]
Kurdish (Latin)	4.93	2.48	104.31	1.79	True	147.00	100.00	88.00	85.00	[TR, AM, GE, TM, AZ, SY, DE]	[TR, AM, GE, TM, AZ, SY]
Main-Franconian	4.85	4.07	210.77	7.21	True	148.00	79.00	61.00	36.00	[DE]	
Ganda	4.79	0.78	8.05	0.03	True	149.00	181.00	287.00	372.00	[UG]	
Albanian	4.75	2.74	54.39	0.97	True	150.00	94.00	124.00	108.00	[AL, RS, MK, ME, TR, GR, XK]	[AL, RS, MK, ME, TR]
Lao	4.67	0.58	21.79	0.05	True	151.00	201.00	186.00	339.00	[LA]	[LA]
Konkani	4.60	0.69	25.07	0.13	True	152.00	187.00	170.00	244.00	[IN]	[IN]
Luyia	4.60	1.79	13.83	0.42	True	153.00	120.00	230.00	168.00	[KE]	
Uzbek (Cyrillic)	4.54	1.74	23.54	0.04	True	154.00	122.00	176.00	355.00	[CN, UZ]	[UZ]
Bemba	4.51	0.69	17.69	0.28	True	155.00	188.00	209.00	190.00	[ZM]	
Balinese	4.46	0.71	43.00	0.32	True	156.00	186.00	137.00	179.00	[ID]	[ID]
Tsonga	4.39	1.25	31.43	1.20	True	157.00	138.00	160.00	99.00	[ZA, MZ, SZ]	
Zhuang	4.22	1.93	50.06	1.03	True	158.00	114.00	128.00	105.00	[CN]	
Luo	4.10	1.60	12.33	0.38	True	159.00	127.00	245.00	172.00	[KE]	
Sukuma	4.03	0.18	7.38	0.07	True	160.00	315.00	297.00	296.00	[TZ]	
Buginese	3.99	0.64	38.77	0.29	True	161.00	191.00	145.00	187.00	[ID, MY]	[ID, MY]
Goan Konkani	3.98	0.60	21.68	0.12	True	162.00	196.00	187.00	257.00	[IN]	[IN]
Ewe	3.97	0.40	12.94	0.06	True	163.00	233.00	239.00	316.00	[GH, TG]	
Georgian	3.95	1.70	29.29	1.03	True	164.00	123.00	162.00	104.00	[GE, IR, TR]	[GE, IR, TR]
Mazanderani	3.85	1.21	62.22	0.55	True	165.00	144.00	117.00	148.00	[IR]	[IR]
Bosnian (Cyrillic)	3.84	2.61	36.71	0.79	True	166.00	98.00	148.00	121.00	[BA]	[BA]
Bosnian (Latin)	3.84	2.61	36.71	0.79	True	166.00	98.00	148.00	121.00	[BA]	[BA]
Banjar	3.72	0.59	35.95	0.27	True	168.00	198.00	151.00	196.00	[ID, MY]	[ID, MY]
Gilaki	3.54	1.11	57.24	0.51	True	169.00	149.00	122.00	153.00	[IR]	[IR]
Mongolian (Mongolian)	3.54	1.62	41.99	0.86	True	170.00	124.00	139.00	115.00	[CN]	
Shekhawati	3.48	0.53	18.97	0.10	True	171.00	210.00	200.00	264.00	[IN]	[IN]
Achinese	3.47	0.55	33.45	0.25	True	172.00	206.00	155.00	197.00	[ID]	[ID]
Pattani Malay	3.41	0.99	48.23	0.43	True	173.00	161.00	130.00	165.00	[TH]	[TH]
Makhuwa	3.36	0.18	3.51	0.05	True	174.00	311.00	353.00	325.00	[MZ]	
Ndau	3.36	0.29	4.24	0.05	True	175.00	270.00	340.00	336.00	[MZ, ZW]	
Lambadi	3.36	0.51	18.30	0.10	True	176.00	212.00	206.00	268.00	[IN]	[IN]
Garhwali	3.36	0.51	18.30	0.10	True	176.00	212.00	206.00	268.00	[IN]	[IN]
Shan	3.33	0.06	15.10	0.01	True	178.00	411.00	222.00	459.00	[MM, TH]	[MM, TH]
Galician	3.28	2.34	104.59	2.04	True	179.00	104.00	87.00	80.00	[ES, PT]	
Central Atlas Tamazight (Latin)	3.22	1.80	23.68	0.63	True	180.00	119.00	174.00	137.00	[MA]	
Kalenjin	3.18	1.24	9.56	0.29	True	181.00	139.00	273.00	184.00	[KE]	
Kamba	3.18	1.24	9.56	0.29	True	181.00	139.00	273.00	184.00	[KE]	
Sidamo	3.11	0.06	4.44	0.00	True	183.00	410.00	338.00	546.00	[ET]	
Gondi (Telugu)	2.98	0.45	16.26	0.09	True	184.00	225.00	217.00	279.00	[IN]	[IN]
Kabyle	2.96	0.49	40.76	0.29	True	185.00	217.00	143.00	186.00	[DZ]	
Tibetan	2.92	1.28	33.19	0.67	True	186.00	137.00	156.00	133.00	[CN, IN, NP]	[IN]
Bikol	2.92	1.08	19.29	0.16	True	187.00	152.00	199.00	226.00	[PH]	[PH]
Tachelhit (Latin)	2.86	1.60	21.03	0.56	True	188.00	125.00	191.00	144.00	[MA]	
Tachelhit (Tifinagh)	2.86	1.60	21.03	0.56	True	188.00	125.00	191.00	144.00	[MA]	
Waray	2.83	1.05	18.65	0.16	True	190.00	155.00	203.00	228.00	[PH]	[PH]
Zarma	2.82	0.05	2.78	0.01	True	191.00	425.00	387.00	494.00	[NE]	
Kumaoni	2.74	0.41	14.91	0.08	True	192.00	231.00	224.00	284.00	[IN]	[IN]
Kyrgyz (Cyrillic)	2.71	0.63	8.75	0.13	True	193.00	192.00	282.00	247.00	[KG]	[KG]
Tiv	2.71	1.03	15.56	0.03	True	194.00	157.00	219.00	364.00	[NG]	
Aymara	2.70	1.07	18.81	0.28	True	195.00	153.00	202.00	192.00	[BO, PE]	
Mongolian (Cyrillic)	2.68	0.48	24.96	0.19	True	196.00	218.00	171.00	210.00	[MN, RU]	[MN, RU]
Baoul?	2.65	0.07	7.17	0.02	True	197.00	394.00	301.00	404.00	[CI]	
Jamaican Creole English	2.64	1.00	22.45	0.20	True	198.00	159.00	181.00	207.00	[JM]	
Lingala	2.64	0.09	3.31	0.01	True	199.00	380.00	364.00	437.00	[CD, AO, CG, CF]	
Fon	2.58	0.13	4.63	0.02	True	200.00	352.00	335.00	423.00	[BJ]	
Lithuanian	2.56	1.75	65.04	2.22	True	201.00	121.00	114.00	74.00	[LT, PL]	[LT, PL]
Mandingo (N¡¦Ko)	2.56	0.04	3.38	0.01	True	202.00	438.00	359.00	507.00	[GN]	
Sasak	2.41	0.38	23.17	0.17	True	203.00	235.00	177.00	218.00	[ID]	[ID]
Brahui	2.37	0.26	10.86	0.07	True	204.00	280.00	260.00	302.00	[PK]	
Efik	2.37	0.90	13.62	0.03	True	205.00	166.00	233.00	373.00	[NG]	
Ibibio	2.37	0.90	13.62	0.03	True	205.00	166.00	233.00	373.00	[NG]	
Kurukh	2.36	0.36	12.87	0.07	True	207.00	239.00	242.00	300.00	[IN]	[IN]
Dogri	2.36	0.36	12.87	0.07	True	207.00	239.00	242.00	300.00	[IN]	[IN]
Nyankole	2.32	0.38	3.90	0.01	True	209.00	236.00	344.00	430.00	[UG]	
Batak Toba	2.28	0.36	21.98	0.16	True	210.00	238.00	184.00	223.00	[ID]	[ID]
Sango	2.26	0.08	1.36	0.00	True	211.00	383.00	445.00	538.00	[CF]	
Albay Bicolano	2.24	0.83	14.79	0.12	True	212.00	175.00	226.00	251.00	[PH]	[PH]
Pampanga	2.24	0.83	14.79	0.12	True	212.00	175.00	226.00	251.00	[PH]	[PH]
Waddar	2.24	0.34	12.20	0.07	True	214.00	248.00	247.00	304.00	[IN]	[IN]
Sadri	2.24	0.34	12.20	0.07	True	214.00	248.00	247.00	304.00	[IN]	[IN]
Hausa (Arabic)	2.20	0.75	11.95	0.04	True	216.00	183.00	249.00	351.00	[NG, SD, CM]	
Northern Hindko	2.19	0.24	10.02	0.06	True	217.00	286.00	270.00	310.00	[PK]	
Swati	2.11	0.86	22.86	0.74	True	218.00	172.00	180.00	124.00	[ZA, SZ, LS]	
Gusii	2.05	0.80	6.16	0.19	True	219.00	180.00	317.00	214.00	[KE]	
Tatar	2.01	1.24	48.88	0.65	True	220.00	141.00	129.00	136.00	[RU]	[RU]
Kangri	1.99	0.30	10.84	0.06	True	221.00	260.00	261.00	314.00	[IN]	[IN]
Chiga	1.99	0.32	3.34	0.01	True	222.00	256.00	363.00	449.00	[UG]	
Soga	1.95	0.32	3.28	0.01	True	223.00	257.00	366.00	452.00	[UG]	
Slovenian	1.93	1.39	56.04	2.38	True	224.00	134.00	123.00	71.00	[SI, HU, IT, AT]	[SI, HU]
Occitan	1.91	1.56	76.04	2.52	True	225.00	130.00	105.00	67.00	[FR]	
Bashkir	1.87	1.15	45.39	0.60	True	226.00	147.00	133.00	142.00	[RU]	[RU]
Chuvash	1.87	1.15	45.39	0.60	True	226.00	147.00	133.00	142.00	[RU]	[RU]
Tulu	1.87	0.28	10.16	0.05	True	229.00	274.00	268.00	323.00	[IN]	[IN]
Wagdi	1.87	0.28	10.16	0.05	True	229.00	274.00	268.00	323.00	[IN]	[IN]
Khandesi	1.87	0.28	10.16	0.05	True	229.00	274.00	268.00	323.00	[IN]	[IN]
Afar	1.86	0.06	3.17	0.02	True	231.00	406.00	369.00	394.00	[ET, DJ, ER]	
Riffian (Latin)	1.81	1.09	21.21	0.88	True	232.00	150.00	189.00	113.00	[MA, NL]	
Makasar	1.81	0.29	17.44	0.13	True	233.00	269.00	211.00	250.00	[ID]	[ID]
Hazaragi	1.80	0.11	3.47	0.01	True	234.00	365.00	355.00	471.00	[AF]	[AF]
Luba-Katanga	1.77	0.04	1.16	0.00	True	235.00	442.00	463.00	549.00	[CD]	
Lomwe	1.76	0.09	1.84	0.03	True	236.00	374.00	425.00	377.00	[MZ]	
Teso	1.75	0.35	3.34	0.04	True	237.00	241.00	362.00	353.00	[UG, KE]	
Bodo	1.74	0.26	9.49	0.05	True	238.00	279.00	275.00	331.00	[IN]	[IN]
Scots	1.73	1.55	62.65	3.34	True	239.00	131.00	115.00	55.00	[GB]	
Lampung Api	1.71	0.27	16.48	0.12	True	240.00	278.00	215.00	255.00	[ID]	[ID]
Meru	1.67	0.65	5.03	0.15	True	241.00	190.00	328.00	230.00	[KE]	
Mende	1.67	0.03	3.19	0.01	True	242.00	465.00	368.00	440.00	[SL, LR]	
Northern Luri	1.62	0.51	26.13	0.23	True	243.00	211.00	169.00	199.00	[IR]	[IR]
Nimadi	1.62	0.24	8.81	0.05	True	244.00	283.00	281.00	335.00	[IN]	[IN]
Riffian (Tifinagh)	1.61	0.90	11.84	0.32	True	245.00	165.00	252.00	180.00	[MA]	
Wolaytta	1.60	0.03	2.28	0.00	True	246.00	461.00	406.00	580.00	[ET]	
Timne	1.59	0.03	3.05	0.01	True	247.00	471.00	375.00	448.00	[SL]	
Macedonian	1.58	0.96	22.05	0.56	True	248.00	162.00	183.00	146.00	[MK, AL, GR]	[MK, AL]
North Ndebele	1.57	0.29	3.08	0.01	True	249.00	266.00	372.00	458.00	[ZW]	
Serer	1.55	0.32	3.49	0.03	True	250.00	255.00	354.00	390.00	[SN]	
Swiss German	1.54	1.31	74.90	3.30	True	251.00	135.00	107.00	56.00	[CH, FR, LI]	
Nyamwezi	1.53	0.07	2.80	0.03	True	252.00	397.00	386.00	378.00	[TZ]	
Bhili	1.49	0.23	8.13	0.04	True	253.00	291.00	286.00	340.00	[IN]	[IN]
Domari	1.46	0.46	23.64	0.21	True	254.00	220.00	175.00	204.00	[IR]	[IR]
Tumbuka	1.44	0.08	1.08	0.01	True	255.00	384.00	465.00	447.00	[MW]	
Uzbek (Arabic)	1.44	0.08	2.76	0.01	True	256.00	381.00	388.00	488.00	[AF]	[AF]
Lango (Uganda)	1.40	0.23	2.35	0.01	True	257.00	290.00	402.00	473.00	[UG]	
Manipuri	1.38	0.21	7.51	0.04	True	258.00	298.00	296.00	345.00	[IN, BD]	[IN, BD]
Kazakh (Arabic)	1.38	0.57	15.87	0.30	True	259.00	203.00	218.00	182.00	[CN, MN, IR, AF]	[MN, IR, AF]
Pangasinan	1.36	0.50	9.00	0.08	True	260.00	214.00	278.00	290.00	[PH]	[PH]
Masai	1.36	0.29	3.29	0.07	True	261.00	265.00	365.00	293.00	[TZ, KE]	
Acoli	1.36	0.22	2.29	0.01	True	262.00	293.00	405.00	475.00	[UG]	
Tamashek	1.35	0.03	1.51	0.00	True	263.00	474.00	439.00	543.00	[NE, ML]	
Venda	1.30	0.61	15.40	0.61	True	264.00	195.00	221.00	140.00	[ZA, ZW]	
Maasina Fulfulde	1.30	0.03	1.94	0.00	True	265.00	463.00	421.00	526.00	[ML]	
Abron	1.28	0.16	5.15	0.02	True	266.00	329.00	326.00	392.00	[GH]	
Norwegian Nynorsk	1.27	1.21	82.00	3.95	True	267.00	143.00	99.00	50.00	[NO]	
Latvian	1.24	0.94	28.39	1.11	True	268.00	163.00	164.00	103.00	[LV]	[LV]
Rajasthani	1.24	0.19	6.78	0.04	True	269.00	304.00	307.00	356.00	[IN]	[IN]
Ho	1.23	0.19	6.71	0.04	True	270.00	305.00	308.00	359.00	[IN]	[IN]
Susu	1.22	0.02	1.62	0.00	True	271.00	491.00	435.00	556.00	[GN]	
Mewari	1.22	0.18	6.64	0.04	True	272.00	309.00	309.00	361.00	[IN]	[IN]
Bini	1.20	0.46	6.91	0.02	True	273.00	222.00	306.00	427.00	[NG]	
Sena	1.19	0.06	1.24	0.02	True	274.00	402.00	455.00	408.00	[MZ]	
unr (Bengali)	1.18	0.18	6.44	0.03	True	275.00	313.00	313.00	362.00	[IN]	[IN]
Morisyen	1.17	0.46	20.07	1.63	True	276.00	221.00	196.00	90.00	[MU]	
Maguindanaon	1.17	0.43	7.72	0.06	True	277.00	228.00	293.00	307.00	[PH]	[PH]
Makhuwa-Meetto	1.16	0.06	1.22	0.02	True	278.00	405.00	458.00	411.00	[MZ]	
Central-Eastern Niger Fulfulde	1.16	0.02	1.14	0.00	True	279.00	488.00	464.00	553.00	[NE]	
Northern Khmer	1.16	0.34	16.40	0.15	True	280.00	251.00	216.00	236.00	[TH]	[TH]
Kongo	1.15	0.03	0.76	0.00	True	281.00	473.00	493.00	571.00	[CD]	
Bhilali	1.14	0.17	6.23	0.03	True	282.00	321.00	316.00	367.00	[IN]	[IN]
Rejang	1.14	0.18	10.99	0.08	True	283.00	312.00	258.00	283.00	[ID]	[ID]
Tigre	1.14	0.01	1.36	0.00	True	284.00	528.00	446.00	605.00	[ER]	
West Flemish	1.12	0.92	45.50	2.85	True	285.00	164.00	132.00	60.00	[BE]	
Makonde	1.11	0.05	2.04	0.02	True	286.00	422.00	414.00	402.00	[TZ]	
K?iche?	1.08	0.21	7.90	0.04	True	287.00	295.00	290.00	342.00	[GT]	
Bakhtiari	1.08	0.34	17.42	0.15	True	288.00	247.00	212.00	229.00	[IR]	[IR]
Tausug	1.07	0.40	7.07	0.06	True	289.00	234.00	302.00	312.00	[PH]	[PH]
Zaza	1.07	0.50	20.21	0.23	True	290.00	216.00	195.00	201.00	[TR]	[TR]
Masaaba	1.07	0.17	1.79	0.01	True	291.00	320.00	428.00	497.00	[UG]	
Azerbaijani (Cyrillic)	1.06	0.62	18.94	0.11	True	292.00	193.00	201.00	258.00	[AZ, RU]	[AZ, RU]
Cebaara Senoufo	1.03	0.03	2.80	0.01	True	293.00	472.00	385.00	485.00	[CI]	
Kabardian	1.03	0.55	21.94	0.27	True	294.00	207.00	185.00	194.00	[TR, RU]	[TR, RU]
Yiddish	1.03	0.59	22.99	1.27	True	295.00	200.00	179.00	98.00	[UA, IL, US, GB, CA, SE]	[UA, IL]
Hadothi	1.02	0.15	5.56	0.03	True	296.00	330.00	322.00	375.00	[IN]	[IN]
Gorontalo	1.02	0.16	9.79	0.07	True	297.00	325.00	272.00	298.00	[ID]	[ID]
Basque	1.01	0.73	33.07	0.69	True	298.00	184.00	157.00	130.00	[ES, FR]	
Sardinian	1.01	0.59	34.60	0.90	True	299.00	197.00	153.00	111.00	[IT]	
Bulu	1.01	0.06	2.89	0.01	True	300.00	401.00	378.00	456.00	[CM]	
Khasi	0.99	0.15	5.42	0.03	True	301.00	332.00	324.00	376.00	[IN]	[IN]
Soninke	0.99	0.02	1.48	0.00	True	302.00	480.00	441.00	547.00	[ML]	
Kpelle	0.99	0.03	1.07	0.00	True	303.00	456.00	466.00	528.00	[LR, GN]	
Central Okinawan	0.98	0.85	35.94	1.56	True	304.00	174.00	152.00	91.00	[JP]	
Dan	0.96	0.03	2.61	0.01	True	305.00	475.00	395.00	492.00	[CI]	
Chechen	0.95	0.58	23.04	0.31	True	306.00	202.00	178.00	181.00	[RU]	[RU]
Estonian	0.94	0.76	24.66	0.98	True	307.00	182.00	172.00	107.00	[EE, FI]	[EE]
Kachchi	0.93	0.14	5.08	0.03	True	308.00	339.00	327.00	380.00	[IN]	[IN]
Limburgish	0.92	0.87	42.92	2.56	True	309.00	170.00	138.00	65.00	[NL]	
Southern Luri	0.92	0.29	14.93	0.13	True	310.00	268.00	223.00	246.00	[IR]	[IR]
Ngaju	0.92	0.15	8.84	0.07	True	311.00	334.00	280.00	306.00	[ID]	[ID]
Newari	0.92	0.12	2.06	0.02	True	312.00	354.00	411.00	419.00	[NP]	
Talysh (Latin)	0.91	0.54	15.53	0.07	True	313.00	208.00	220.00	299.00	[AZ]	[AZ]
Chimborazo Highland Quichua	0.90	0.36	9.81	0.15	True	314.00	237.00	271.00	238.00	[EC]	
Frafra	0.89	0.11	3.60	0.02	True	315.00	363.00	351.00	417.00	[GH]	
Jumli	0.89	0.12	2.00	0.02	True	316.00	357.00	417.00	424.00	[NP]	
Mon	0.88	0.04	4.96	0.02	True	317.00	437.00	331.00	426.00	[MM, TH]	[MM, TH]
Ronga	0.88	0.05	0.92	0.01	True	318.00	427.00	479.00	436.00	[MZ]	
Lozi	0.87	0.13	3.42	0.05	True	319.00	346.00	357.00	326.00	[ZM]	
Kachin	0.87	0.01	3.77	0.00	True	320.00	524.00	349.00	614.00	[MM]	[MM]
Manyika	0.85	0.16	1.67	0.01	True	321.00	328.00	433.00	510.00	[ZW]	
South Ndebele	0.85	0.41	10.60	0.42	True	322.00	230.00	263.00	167.00	[ZA]	
Kita Maninkakan	0.84	0.02	1.26	0.00	True	323.00	492.00	451.00	557.00	[ML]	
Eastern Tamang	0.83	0.11	1.87	0.01	True	324.00	362.00	424.00	429.00	[NP]	
Komering	0.79	0.13	7.64	0.06	True	325.00	353.00	295.00	318.00	[ID]	[ID]
Yucateco	0.79	0.34	13.79	0.19	True	326.00	243.00	231.00	212.00	[MX]	
Shambala	0.79	0.03	1.44	0.01	True	327.00	449.00	442.00	434.00	[TZ]	
Bena	0.79	0.03	1.44	0.01	True	327.00	449.00	442.00	434.00	[TZ]	
Venetian	0.78	0.45	26.46	0.69	True	329.00	224.00	167.00	131.00	[IT]	
Garo	0.77	0.11	3.95	0.02	True	330.00	364.00	342.00	405.00	[IN, BD]	[IN, BD]
Adangme	0.77	0.09	3.09	0.01	True	331.00	375.00	371.00	431.00	[GH]	
Kuanyama	0.76	0.11	7.79	0.15	True	332.00	368.00	292.00	234.00	[NA]	
Parsi-Dari	0.75	0.14	6.93	0.06	True	333.00	336.00	305.00	317.00	[IR, AF]	[IR, AF]
Iban	0.75	0.50	17.34	0.16	True	334.00	215.00	213.00	222.00	[MY]	[MY]
Southern Hindko	0.75	0.08	3.42	0.02	True	335.00	382.00	358.00	397.00	[PK]	
Western Frisian	0.72	0.68	33.55	2.00	True	336.00	189.00	154.00	82.00	[NL]	
Ga	0.72	0.09	2.88	0.01	True	337.00	379.00	380.00	439.00	[GH]	
Tetum	0.70	0.01	5.40	0.00	True	338.00	547.00	325.00	520.00	[TL]	[TL]
Picard	0.70	0.57	27.88	0.92	True	339.00	204.00	166.00	110.00	[FR]	
Tooro	0.70	0.11	1.18	0.00	True	340.00	360.00	460.00	525.00	[UG]	
Kalanga	0.70	0.13	1.36	0.00	True	341.00	350.00	447.00	521.00	[ZW]	
Chakma	0.69	0.07	2.99	0.01	True	342.00	388.00	376.00	450.00	[IN, BD]	[IN, BD]
Ewondo	0.68	0.04	1.95	0.01	True	343.00	433.00	420.00	487.00	[CM]	
Uab Meto	0.67	0.11	6.45	0.05	True	344.00	367.00	312.00	334.00	[ID]	[ID]
Capiznon	0.65	0.24	4.31	0.04	True	345.00	284.00	339.00	357.00	[PH]	[PH]
Mbunga	0.65	0.03	1.19	0.01	True	346.00	466.00	459.00	454.00	[TZ]	
Walloon	0.65	0.53	26.39	1.65	True	347.00	209.00	168.00	88.00	[BE]	
Embu	0.63	0.24	1.89	0.06	True	348.00	282.00	423.00	315.00	[KE]	
Yao	0.62	0.03	0.65	0.01	True	349.00	453.00	503.00	467.00	[MZ]	
Nuer	0.62	0.14	2.74	0.02	True	350.00	341.00	391.00	396.00	[SD]	
Lisu	0.61	0.28	7.27	0.15	True	351.00	276.00	300.00	233.00	[CN]	
Bagheli	0.61	0.09	2.84	0.02	True	352.00	378.00	383.00	422.00	[IN, NP]	[IN]
Asturian	0.61	0.43	19.35	0.38	True	353.00	226.00	198.00	171.00	[ES]	
Gronings	0.60	0.57	28.09	1.67	True	354.00	205.00	165.00	87.00	[NL]	
Tajik (Arabic)	0.60	0.07	2.76	0.02	True	355.00	400.00	389.00	416.00	[PK]	
unx (Bengali)	0.60	0.09	3.25	0.02	True	356.00	377.00	367.00	414.00	[IN]	[IN]
Laki	0.59	0.18	9.46	0.08	True	357.00	310.00	276.00	280.00	[IR]	[IR]
Neapolitan	0.58	0.34	19.74	0.51	True	358.00	246.00	197.00	152.00	[IT]	
Koyraboro Senni	0.57	0.01	0.86	0.00	True	359.00	515.00	487.00	574.00	[ML]	
Avaric	0.56	0.34	13.62	0.18	True	360.00	244.00	232.00	215.00	[RU]	[RU]
Ossetic	0.56	0.32	11.88	0.17	True	361.00	254.00	251.00	217.00	[RU, GE]	[RU, GE]
N?Ko	0.56	0.01	0.73	0.00	True	362.00	536.00	499.00	594.00	[GN]	
Dangaura Tharu	0.56	0.07	1.25	0.01	True	363.00	389.00	454.00	468.00	[NP]	
Asu	0.56	0.02	1.02	0.01	True	364.00	476.00	471.00	466.00	[TZ]	
Udmurt	0.55	0.34	13.27	0.18	True	365.00	252.00	236.00	216.00	[RU]	[RU]
Rusyn	0.54	0.23	4.71	0.14	True	366.00	289.00	333.00	241.00	[UA]	[UA]
Mandingo (Latin)	0.54	0.08	0.89	0.01	True	367.00	386.00	481.00	481.00	[GM]	
Irish	0.54	0.43	24.07	0.72	True	368.00	229.00	173.00	126.00	[IE, GB]	
Mari	0.53	0.33	12.92	0.17	True	369.00	253.00	240.00	219.00	[RU]	[RU]
Breton	0.53	0.43	21.04	0.70	True	370.00	227.00	190.00	128.00	[FR]	
Welsh	0.52	0.46	18.48	0.97	True	371.00	219.00	204.00	109.00	[GB, AR]	
Ligurian	0.51	0.30	17.50	0.46	True	372.00	261.00	210.00	158.00	[IT]	
Silesian	0.50	0.31	11.66	0.27	True	373.00	258.00	253.00	195.00	[PL]	[PL]
Mingrelian	0.49	0.21	3.53	0.13	True	374.00	296.00	352.00	248.00	[GE]	[GE]
Sicilian	0.49	0.29	16.69	0.43	True	375.00	271.00	214.00	164.00	[IT]	
Kara-Kalpak	0.48	0.18	2.50	0.00	True	376.00	308.00	398.00	542.00	[UZ]	[UZ]
Mongo	0.47	0.01	0.31	0.00	True	377.00	526.00	543.00	610.00	[CD]	
Kabuverdianu	0.47	0.17	2.91	0.02	True	378.00	319.00	377.00	412.00	[CV]	
Kyrgyz (Arabic)	0.46	0.21	5.49	0.11	True	379.00	297.00	323.00	259.00	[CN]	
Eastern Huasteca Nahuatl	0.46	0.20	8.03	0.11	True	380.00	300.00	288.00	260.00	[MX]	
Sakha	0.46	0.28	11.17	0.15	True	381.00	272.00	255.00	235.00	[RU]	[RU]
Ndonga	0.46	0.06	4.67	0.09	True	382.00	403.00	334.00	276.00	[NA]	
Western Huasteca Nahuatl	0.45	0.20	7.82	0.11	True	383.00	301.00	291.00	261.00	[MX]	
Erzya	0.45	0.27	10.82	0.14	True	384.00	277.00	262.00	239.00	[RU]	[RU]
Sirmauri	0.44	0.07	2.37	0.01	True	385.00	399.00	401.00	446.00	[IN]	[IN]
Adyghe	0.42	0.22	8.70	0.10	True	386.00	294.00	283.00	262.00	[TR, RU]	[TR, RU]
Maltese	0.42	0.29	12.88	0.60	True	387.00	267.00	241.00	141.00	[MT]	
Bantawa	0.42	0.06	0.94	0.01	True	388.00	414.00	477.00	489.00	[NP]	
Pontic (Greek)	0.41	0.25	10.28	0.22	True	389.00	281.00	266.00	203.00	[GR]	
Kuy	0.41	0.10	4.98	0.04	True	390.00	369.00	329.00	341.00	[TH, LA, KH]	[TH, LA, KH]
Balti	0.41	0.05	1.92	0.01	True	391.00	426.00	422.00	455.00	[IN, PK]	[IN]
Langi	0.40	0.02	0.74	0.01	True	392.00	496.00	497.00	490.00	[TZ]	
Central Mazahua	0.40	0.17	7.00	0.10	True	393.00	318.00	303.00	270.00	[MX]	
Khmu	0.39	0.05	1.83	0.00	True	394.00	420.00	426.00	539.00	[LA]	[LA]
Fang	0.39	0.06	13.04	0.01	True	395.00	404.00	238.00	484.00	[GQ]	
Kinaray-a	0.38	0.14	2.51	0.02	True	396.00	340.00	397.00	399.00	[PH]	[PH]
Dargwa	0.37	0.23	9.08	0.12	True	397.00	288.00	277.00	256.00	[RU]	[RU]
Sranan Tongo	0.37	0.14	5.98	0.05	True	398.00	343.00	318.00	329.00	[SR]	
Jola-Fonyi	0.37	0.08	0.82	0.01	True	399.00	385.00	488.00	508.00	[SN]	
Gujari	0.37	0.04	1.67	0.01	True	400.00	440.00	432.00	461.00	[PK]	
Corsican	0.36	0.30	14.45	0.48	True	401.00	263.00	228.00	155.00	[FR]	
Western Tamang	0.36	0.05	0.81	0.01	True	402.00	424.00	491.00	500.00	[NP]	
Fiji Hindi (Devanagari)	0.36	0.13	2.83	0.06	True	403.00	347.00	384.00	319.00	[FJ]	
Saurashtra	0.36	0.05	1.97	0.01	True	404.00	416.00	418.00	460.00	[IN]	[IN]
Luxembourgish	0.36	0.34	32.50	0.90	True	405.00	250.00	159.00	112.00	[LU]	
Negeri Sembilan Malay	0.36	0.24	8.32	0.08	True	406.00	285.00	285.00	286.00	[MY]	[MY]
Dzongkha	0.36	0.11	2.56	0.01	True	407.00	366.00	396.00	444.00	[BT, IN]	[BT, IN]
Jju	0.36	0.14	2.04	0.00	True	408.00	345.00	413.00	524.00	[NG]	
Yemba	0.35	0.02	1.01	0.00	True	409.00	481.00	473.00	534.00	[CM]	
Balkan Gagauz Turkish	0.35	0.16	6.64	0.07	True	410.00	323.00	310.00	291.00	[TR]	[TR]
Lombard	0.35	0.30	18.36	0.86	True	411.00	264.00	205.00	117.00	[CH, IT]	
Kerinci	0.35	0.05	3.34	0.02	True	412.00	415.00	361.00	391.00	[ID]	[ID]
Vunjo	0.35	0.02	0.64	0.01	True	414.00	510.00	507.00	503.00	[TZ]	
Rombo	0.35	0.02	0.64	0.01	True	414.00	510.00	507.00	503.00	[TZ]	
Machame	0.35	0.02	0.64	0.01	True	414.00	510.00	507.00	503.00	[TZ]	
Uyghur (Cyrillic)	0.34	0.19	7.92	0.06	True	416.00	306.00	289.00	320.00	[KZ, MN]	[KZ, MN]
Fijian	0.34	0.13	2.69	0.05	True	417.00	351.00	393.00	328.00	[FJ]	
Taita	0.34	0.13	1.03	0.03	True	418.00	348.00	469.00	369.00	[KE]	
lif (Devanagari)	0.34	0.05	0.86	0.01	True	419.00	430.00	486.00	501.00	[IN, NP]	[IN]
Bambara (N¡¦Ko)	0.34	0.01	0.50	0.00	True	420.00	546.00	519.00	603.00	[ML]	
Rana Tharu	0.33	0.04	0.75	0.01	True	421.00	431.00	496.00	509.00	[NP]	
Naxi	0.33	0.15	3.88	0.08	True	422.00	333.00	346.00	285.00	[CN]	
Sindhi (Devanagari)	0.32	0.05	1.76	0.01	True	423.00	423.00	429.00	472.00	[IN]	[IN]
Tolaki	0.32	0.05	3.11	0.02	True	424.00	417.00	370.00	395.00	[ID]	[ID]
Icelandic	0.32	0.31	13.20	0.86	True	425.00	259.00	237.00	116.00	[IS]	
Divehi	0.32	0.14	3.79	0.05	True	426.00	342.00	347.00	327.00	[IN, MV]	[IN]
Buriat	0.32	0.19	7.68	0.10	True	427.00	302.00	294.00	265.00	[RU]	[RU]
Ghomala	0.31	0.02	0.88	0.00	True	428.00	489.00	482.00	544.00	[CM]	
Ngiemboon	0.31	0.02	0.88	0.00	True	428.00	489.00	482.00	544.00	[CM]	
Eastern Magar	0.31	0.04	0.69	0.01	True	430.00	439.00	502.00	512.00	[NP]	
Moksha	0.30	0.19	7.33	0.10	True	431.00	307.00	298.00	271.00	[RU]	[RU]
Gayo	0.30	0.05	2.87	0.02	True	432.00	428.00	381.00	398.00	[ID]	[ID]
P?koot	0.29	0.11	0.88	0.03	True	433.00	359.00	485.00	383.00	[KE]	
Parkari Koli	0.29	0.03	1.34	0.01	True	434.00	457.00	448.00	480.00	[PK]	
Kumyk	0.29	0.18	6.98	0.09	True	435.00	316.00	304.00	274.00	[RU]	[RU]
Koyra Chiini	0.29	0.01	0.43	0.00	True	436.00	559.00	527.00	606.00	[ML]	
Ao Naga	0.29	0.04	1.56	0.01	True	437.00	434.00	437.00	477.00	[IN]	[IN]
Badaga	0.29	0.04	1.56	0.01	True	437.00	434.00	437.00	477.00	[IN]	[IN]
Kom	0.29	0.02	0.82	0.00	True	439.00	495.00	489.00	548.00	[CM]	
Kochila Tharu	0.28	0.04	0.62	0.00	True	440.00	444.00	510.00	516.00	[NP]	
Khowar	0.27	0.03	1.25	0.01	True	441.00	462.00	453.00	486.00	[PK]	
Rinconada Bikol	0.27	0.10	1.80	0.02	True	442.00	371.00	427.00	428.00	[PH]	[PH]
Tae'	0.27	0.04	2.63	0.02	True	443.00	436.00	394.00	406.00	[ID]	[ID]
Basaa	0.26	0.02	0.76	0.00	True	444.00	499.00	494.00	550.00	[CM]	
Bamun	0.26	0.02	0.76	0.00	True	444.00	499.00	494.00	550.00	[CM]	
Mapuche	0.26	0.18	5.93	0.15	True	446.00	317.00	319.00	231.00	[CL]	
Ngazidja Comorian	0.26	0.02	0.42	0.00	True	447.00	498.00	528.00	572.00	[KM]	
Komi	0.26	0.16	6.28	0.08	True	448.00	326.00	314.00	281.00	[RU]	[RU]
Lezghian	0.26	0.16	6.28	0.08	True	448.00	326.00	314.00	281.00	[RU]	[RU]
L?	0.26	0.12	3.07	0.06	True	450.00	355.00	373.00	308.00	[CN]	
Tai N?a	0.26	0.12	3.07	0.06	True	450.00	355.00	373.00	308.00	[CN]	
Nzima	0.26	0.03	1.03	0.00	True	452.00	459.00	470.00	519.00	[GH]	
Indus Kohistani	0.26	0.03	1.17	0.01	True	453.00	467.00	461.00	491.00	[PK]	
Colognian	0.24	0.20	10.54	0.36	True	454.00	299.00	264.00	175.00	[DE]	
Medumba	0.24	0.02	0.69	0.00	True	455.00	508.00	501.00	560.00	[CM]	
Western Cham	0.24	0.01	0.74	0.00	True	456.00	512.00	498.00	533.00	[KH]	[KH]
Bislama	0.24	0.03	0.59	0.01	True	457.00	470.00	511.00	432.00	[VU]	
Zeelandic	0.24	0.22	10.92	0.65	True	458.00	292.00	259.00	135.00	[NL]	
Western Magar	0.23	0.03	0.52	0.00	True	459.00	460.00	518.00	532.00	[NP]	
Ingush	0.23	0.14	5.59	0.07	True	460.00	337.00	320.00	294.00	[RU]	[RU]
Karachay-Balkar	0.23	0.14	5.59	0.07	True	460.00	337.00	320.00	294.00	[RU]	[RU]
Extremaduran	0.23	0.16	7.30	0.14	True	462.00	322.00	299.00	243.00	[ES]	
Mandar	0.23	0.04	2.20	0.02	True	463.00	445.00	407.00	420.00	[ID]	[ID]
Sangir	0.23	0.04	2.20	0.02	True	463.00	445.00	407.00	420.00	[ID]	[ID]
Saho	0.23	0.00	0.27	0.00	True	465.00	596.00	552.00	635.00	[ER]	
Central Huasteca Nahuatl	0.22	0.10	3.91	0.05	True	466.00	373.00	343.00	321.00	[MX]	
Mundang	0.22	0.01	0.63	0.00	True	467.00	513.00	509.00	563.00	[CM]	
Wadiyara Koli	0.22	0.02	1.00	0.01	True	468.00	478.00	474.00	505.00	[PK]	
Northern Sami	0.20	0.19	12.29	0.61	True	469.00	303.00	246.00	139.00	[NO, SE, FI]	
Kachi Koli	0.20	0.02	0.92	0.01	True	470.00	483.00	478.00	511.00	[PK]	
Nama	0.20	0.03	2.05	0.04	True	471.00	468.00	412.00	349.00	[NA]	
Herero	0.20	0.03	2.02	0.04	True	472.00	469.00	415.00	350.00	[NA]	
Samburu	0.19	0.07	0.58	0.02	True	473.00	387.00	512.00	413.00	[KE]	
Samoan	0.19	0.03	0.96	0.03	True	474.00	464.00	476.00	381.00	[WS, AS]	
Tuvinian	0.19	0.11	4.54	0.06	True	475.00	358.00	337.00	311.00	[RU]	[RU]
Tomo Kan Dogon	0.19	0.00	0.28	0.00	True	476.00	575.00	550.00	615.00	[ML]	
Latgalian	0.18	0.14	4.14	0.16	True	477.00	344.00	341.00	225.00	[LV]	[LV]
Syriac	0.17	0.02	2.50	0.00	True	478.00	503.00	399.00	541.00	[IQ, SY]	[IQ, SY]
Xaasongaxango	0.17	0.00	0.25	0.00	True	479.00	579.00	557.00	620.00	[ML]	
Central Dusun	0.17	0.11	3.88	0.04	True	480.00	361.00	345.00	354.00	[MY]	[MY]
Nyasa Tonga	0.17	0.01	0.13	0.00	True	481.00	534.00	581.00	587.00	[MW]	
Riang (India)	0.16	0.02	0.88	0.00	True	482.00	477.00	484.00	522.00	[IN]	[IN]
Mafa	0.16	0.01	0.46	0.00	True	483.00	527.00	524.00	579.00	[CM]	
Navajo	0.16	0.13	8.38	0.80	True	484.00	349.00	284.00	120.00	[US]	
Tyap	0.16	0.06	0.90	0.00	True	485.00	408.00	480.00	573.00	[NG]	
Hiri Motu	0.15	0.01	0.35	0.00	True	486.00	529.00	535.00	598.00	[PG]	
Kirmanjki	0.15	0.07	2.74	0.03	True	487.00	396.00	390.00	370.00	[TR]	[TR]
Bomu	0.14	0.00	0.22	0.00	True	488.00	585.00	561.00	622.00	[ML]	
Sherpa	0.14	0.02	0.32	0.00	True	489.00	493.00	540.00	562.00	[NP]	
Jenaama Bozo	0.14	0.00	0.21	0.00	True	490.00	587.00	564.00	623.00	[ML]	
Punu	0.14	0.01	2.89	0.03	True	491.00	516.00	379.00	371.00	[GA]	
Selayar	0.13	0.02	1.29	0.01	True	492.00	484.00	450.00	470.00	[ID]	[ID]
Wayuu	0.13	0.07	1.63	0.05	True	493.00	398.00	434.00	337.00	[CO]	
Bafut	0.13	0.01	0.36	0.00	True	494.00	545.00	534.00	589.00	[CM]	
Pennsylvania German	0.12	0.10	6.54	0.62	True	495.00	370.00	311.00	138.00	[US]	
Rajbanshi	0.12	0.02	0.27	0.00	True	496.00	502.00	551.00	568.00	[NP]	
Southwestern Tamang	0.12	0.02	0.27	0.00	True	497.00	504.00	553.00	569.00	[NP]	
Akoose	0.12	0.01	0.34	0.00	True	498.00	549.00	537.00	592.00	[CM]	
Kako	0.12	0.01	0.34	0.00	True	498.00	549.00	537.00	592.00	[CM]	
Karelian	0.12	0.07	2.86	0.04	True	500.00	392.00	382.00	352.00	[RU]	[RU]
Gagauz	0.12	0.06	0.55	0.03	True	501.00	412.00	516.00	363.00	[MD]	[MD]
Eastern Gurung	0.12	0.02	0.26	0.00	True	502.00	507.00	554.00	570.00	[NP]	
Tshangla	0.11	0.03	0.81	0.00	True	503.00	452.00	490.00	530.00	[BT]	[BT]
Lak	0.11	0.07	2.72	0.04	True	504.00	395.00	392.00	358.00	[RU]	[RU]
Maori	0.11	0.09	3.77	0.17	True	505.00	376.00	348.00	220.00	[NZ]	
Vai (Vai)	0.11	0.00	0.09	0.00	True	506.00	566.00	593.00	617.00	[LR]	
Duala	0.11	0.01	0.30	0.00	True	507.00	555.00	545.00	597.00	[CM]	
Meta?	0.10	0.01	0.30	0.00	True	508.00	558.00	547.00	600.00	[CM]	
Abkhazian	0.10	0.04	0.78	0.03	True	509.00	432.00	492.00	385.00	[GE, TR]	[GE, TR]
Ladino	0.10	0.07	3.35	0.10	True	510.00	391.00	360.00	267.00	[IL]	[IL]
Rwa	0.10	0.00	0.19	0.00	True	511.00	573.00	572.00	577.00	[TZ]	
Sassarese Sardinian	0.10	0.06	3.46	0.09	True	512.00	409.00	356.00	275.00	[IT]	
Tongan	0.10	0.03	0.48	0.01	True	513.00	451.00	522.00	465.00	[TO]	
Sangu	0.09	0.00	0.17	0.00	True	514.00	577.00	574.00	582.00	[TZ]	
Seselwa Creole French	0.09	0.05	2.14	3.25	True	515.00	429.00	410.00	58.00	[SC]	
Western Lawa	0.09	0.04	1.03	0.02	True	516.00	443.00	468.00	403.00	[CN, TH]	[TH]
Bishnupriya	0.08	0.01	0.46	0.00	True	517.00	517.00	523.00	564.00	[IN]	[IN]
Plautdietsch	0.08	0.07	3.64	0.19	True	518.00	393.00	350.00	211.00	[CA]	
Blin	0.08	0.00	0.10	0.00	True	519.00	613.00	590.00	644.00	[ER]	
Western Gurung	0.08	0.01	0.18	0.00	True	520.00	523.00	573.00	590.00	[NP]	
Eastern Cham	0.08	0.04	0.42	0.01	True	521.00	447.00	529.00	438.00	[VN]	[VN]
Lepcha	0.08	0.02	0.45	0.00	True	522.00	506.00	525.00	565.00	[IN, BT, NP]	[IN, BT]
V?ro	0.08	0.06	1.96	0.08	True	523.00	407.00	419.00	289.00	[EE]	[EE]
Ngomba	0.07	0.00	0.21	0.00	True	524.00	568.00	562.00	609.00	[CM]	
Kurdish (Arabic)	0.07	0.05	1.24	0.01	True	525.00	418.00	456.00	479.00	[LB]	[LB]
Bafia	0.07	0.00	0.20	0.00	True	526.00	572.00	568.00	612.00	[CM]	
Bateri	0.07	0.01	0.33	0.00	True	527.00	542.00	539.00	575.00	[IN, PK]	[IN]
Kathoriya Tharu	0.07	0.01	0.15	0.00	True	528.00	537.00	579.00	599.00	[NP]	
Gilbertese	0.07	0.01	0.10	0.00	True	529.00	551.00	587.00	578.00	[KI]	
Komi-Permyak	0.06	0.04	1.57	0.02	True	530.00	441.00	436.00	400.00	[RU]	[RU]
Scottish Gaelic	0.06	0.06	2.30	0.12	True	531.00	413.00	404.00	254.00	[GB]	
Arpitan	0.06	0.05	2.38	0.08	True	532.00	421.00	400.00	287.00	[FR]	
Bube	0.06	0.01	2.02	0.00	True	533.00	532.00	416.00	596.00	[GQ]	
Mentawai	0.06	0.01	0.57	0.00	True	534.00	533.00	513.00	527.00	[ID]	[ID]
Koro	0.06	0.00	0.15	0.00	True	535.00	603.00	578.00	626.00	[CI]	
Tornedalen Finnish	0.05	0.05	2.30	0.15	True	536.00	419.00	403.00	237.00	[SE]	
Braj	0.05	0.01	0.28	0.00	True	537.00	548.00	549.00	586.00	[IN]	[IN]
Kashubian	0.05	0.03	1.17	0.03	True	538.00	458.00	462.00	384.00	[PL]	[PL]
Koro Wachi	0.04	0.00	0.11	0.00	True	539.00	608.00	586.00	630.00	[CI]	
Romansh	0.04	0.03	2.16	0.10	True	540.00	448.00	409.00	263.00	[CH]	
Marshallese	0.04	0.00	0.12	0.00	True	541.00	570.00	582.00	566.00	[MH]	
Plains Cree	0.04	0.03	1.67	0.09	True	542.00	454.00	430.00	277.00	[CA]	
Cree (Unified Canadian Aboriginal Syllabics)	0.04	0.03	1.67	0.09	True	542.00	454.00	430.00	277.00	[CA]	
Friulian	0.04	0.02	1.22	0.03	True	544.00	485.00	457.00	368.00	[IT]	
Atsam	0.04	0.01	0.20	0.00	True	545.00	514.00	566.00	624.00	[NG]	
Thulung	0.03	0.00	0.07	0.00	True	546.00	574.00	599.00	618.00	[NP]	
Chuukese	0.03	0.01	0.10	0.00	True	547.00	541.00	591.00	558.00	[FM]	
Aghem	0.03	0.00	0.09	0.00	True	548.00	599.00	594.00	629.00	[CM]	
Western Mari	0.03	0.02	0.73	0.01	True	549.00	494.00	500.00	469.00	[RU]	[RU]
Emilian	0.03	0.02	1.02	0.03	True	550.00	497.00	472.00	387.00	[IT]	
Hawaiian	0.03	0.02	1.49	0.14	True	551.00	479.00	440.00	242.00	[US]	
Cajun French	0.03	0.02	1.41	0.13	True	552.00	482.00	444.00	245.00	[US]	
Cherokee	0.02	0.02	1.29	0.12	True	553.00	486.00	449.00	253.00	[US]	
Pohnpeian	0.02	0.01	0.07	0.00	True	554.00	557.00	600.00	567.00	[FM]	
Sinte Romani	0.02	0.02	1.25	0.06	True	555.00	487.00	452.00	313.00	[CH]	
Laz (Latin)	0.02	0.01	0.40	0.00	True	556.00	531.00	533.00	523.00	[TR]	[TR]
Muslim Tat (Latin)	0.02	0.01	0.35	0.00	True	557.00	521.00	536.00	583.00	[AZ]	[AZ]
Southern Altai	0.02	0.01	0.49	0.01	True	558.00	520.00	521.00	498.00	[RU]	[RU]
Kaingang	0.02	0.01	0.30	0.01	True	559.00	525.00	546.00	482.00	[BR]	
Central Yupik	0.02	0.02	1.04	0.10	True	560.00	501.00	467.00	266.00	[US]	
Dakota	0.02	0.02	0.99	0.09	True	561.00	505.00	475.00	272.00	[US]	
Guajaj?ra	0.02	0.01	0.25	0.01	True	562.00	540.00	556.00	496.00	[BR]	
Hanunoo	0.02	0.01	0.10	0.00	True	563.00	562.00	588.00	608.00	[PH]	[PH]
Sanskrit	0.01	0.00	0.08	0.00	True	564.00	592.00	598.00	625.00	[IN]	[IN]
Tsakhur (Latin)	0.01	0.01	0.25	0.00	True	565.00	539.00	555.00	602.00	[AZ]	[AZ]
Inuktitut (Unified Canadian Aboriginal Syllabics)	0.01	0.01	0.64	0.03	True	566.00	518.00	504.00	365.00	[CA]	
Inuktitut (Latin)	0.01	0.01	0.64	0.03	True	566.00	518.00	504.00	365.00	[CA]	
Amo	0.01	0.01	0.08	0.00	True	568.00	563.00	597.00	638.00	[NG]	
Palauan	0.01		0.19	0.00	True	569.00		570.00	517.00	[PW]	
Upper Sorbian	0.01	0.01	0.56	0.02	True	570.00	522.00	514.00	409.00	[DE]	
Khamti	0.01	0.00	0.06	0.00	True	571.00	605.00	602.00	633.00	[IN, MM]	[IN, MM]
Lower Silesian	0.01	0.01	0.28	0.01	True	572.00	552.00	548.00	499.00	[PL]	[PL]
Montagnais	0.01	0.01	0.50	0.03	True	573.00	530.00	520.00	386.00	[CA]	
Nheengatu	0.01	0.01	0.16	0.00	True	574.00	564.00	576.00	529.00	[BR]	
Choctaw	0.01	0.01	0.55	0.05	True	575.00	538.00	515.00	330.00	[US]	
Tuvalu	0.01	0.00	0.03	0.01	True	576.00	580.00	611.00	476.00	[TV]	
Xav?nte	0.01	0.01	0.15	0.00	True	577.00	565.00	580.00	537.00	[BR]	
Northern Frisian	0.01	0.01	0.42	0.01	True	578.00	544.00	530.00	433.00	[DE]	
Walser	0.01	0.01	0.52	0.03	True	579.00	543.00	517.00	379.00	[CH, LI]	
Tavringer Romani	0.01	0.01	0.41	0.03	True	580.00	535.00	532.00	389.00	[SE]	
Tagbanwa	0.01	0.00	0.06	0.00	True	581.00	584.00	604.00	621.00	[PH]	[PH]
Roviana	0.01	0.00	0.02	0.00	True	582.00	614.00	622.00	637.00	[SB]	
Kwasio	0.01	0.00	0.02	0.00	True	583.00	617.00	613.00	641.00	[CM]	
Lakota	0.01	0.01	0.44	0.04	True	584.00	553.00	526.00	343.00	[US]	
Inupiaq	0.01	0.01	0.42	0.04	True	585.00	556.00	531.00	347.00	[US]	
Kosraean	0.01	0.00	0.02	0.00	True	586.00	594.00	612.00	613.00	[FM]	
Tasawaq	0.01	0.00	0.01	0.00	True	587.00	626.00	627.00	647.00	[NE]	
Zoroastrian Dari	0.01	0.00	0.12	0.00	True	588.00	590.00	583.00	604.00	[IR]	[IR]
Southern East Cree	0.01	0.01	0.32	0.02	True	589.00	560.00	541.00	418.00	[CA]	
Kalaallisut	0.01	0.01	0.31	0.04	True	590.00	554.00	542.00	360.00	[DK, GL]	
Buhid	0.01	0.00	0.05	0.00	True	591.00	589.00	608.00	627.00	[PH]	[PH]
Lower Sorbian	0.01	0.01	0.30	0.01	True	592.00	561.00	544.00	463.00	[DE]	
Eastern Lawa	0.01	0.00	0.10	0.00	True	593.00	598.00	592.00	607.00	[TH]	[TH]
Yapese	0.01	0.00	0.02	0.00	True	594.00	600.00	618.00	619.00	[FM]	
Piedmontese	0.01	0.00	0.20	0.01	True	595.00	582.00	567.00	515.00	[IT]	
Atikamekw	0.01	0.00	0.24	0.01	True	596.00	567.00	558.00	445.00	[CA]	
Northern East Cree	0.01	0.00	0.23	0.01	True	597.00	571.00	559.00	453.00	[CA]	
Kalo Finnish Romani	0.01	0.00	0.21	0.01	True	598.00	569.00	565.00	443.00	[FI]	
unr (Devanagari)	0.01	0.00	0.01	0.00	True	599.00	615.00	625.00	642.00	[NP]	
Swampy Cree	0.00	0.00	0.21	0.01	True	600.00	576.00	563.00	457.00	[CA]	
Taroko	0.00	0.00	0.19	0.01	True	601.00	581.00	571.00	495.00	[TW]	
Moose Cree	0.00	0.00	0.20	0.01	True	602.00	578.00	569.00	462.00	[CA]	
Creek	0.00	0.00	0.22	0.02	True	603.00	583.00	560.00	401.00	[US]	
Safaliba	0.00	0.00	0.02	0.00	True	604.00	620.00	621.00	643.00	[GH]	
Inuinnaqtun	0.00	0.00	0.17	0.01	True	605.00	586.00	575.00	474.00	[CA]	
Veps	0.00	0.00	0.09	0.00	True	606.00	593.00	596.00	601.00	[RU]	[RU]
Mohawk	0.00	0.00	0.15	0.01	True	607.00	588.00	577.00	483.00	[CA]	
Ulithian	0.00	0.00	0.01	0.00	True	608.00	612.00	626.00	632.00	[FM]	
Turoyo	0.00	0.00	0.05	0.00	True	609.00	606.00	606.00	616.00	[TR]	[TR]
Dogrib	0.00	0.00	0.12	0.01	True	610.00	591.00	585.00	506.00	[CA]	
Warlpiri	0.00	0.00	0.12	0.01	True	611.00	595.00	584.00	513.00	[AU]	
Rotuman	0.00	0.00	0.02	0.00	True	612.00	610.00	619.00	628.00	[FJ]	
Slave	0.00	0.00	0.10	0.01	True	613.00	597.00	589.00	514.00	[CA]	
Yangben	0.00	0.00	0.01	0.00	True	614.00	625.00	628.00	646.00	[CM]	
Eastern Frisian	0.00	0.00	0.09	0.00	True	615.00	602.00	595.00	552.00	[DE]	
Cornish	0.00	0.00	0.07	0.00	True	616.00	601.00	601.00	540.00	[GB]	
Lule Sami	0.00	0.00	0.06	0.00	True	617.00	604.00	603.00	535.00	[SE]	
North Slavey	0.00	0.00	0.05	0.00	True	618.00	607.00	605.00	555.00	[CA]	
Naskapi	0.00	0.00	0.05	0.00	True	619.00	609.00	607.00	561.00	[CA]	
Kyrgyz (Latin)	0.00	0.00	0.02	0.00	True	620.00	621.00	617.00	634.00	[TR]	[TR]
Saterland Frisian	0.00	0.00	0.04	0.00	True	621.00	611.00	609.00	588.00	[DE]	
Seri	0.00	0.00	0.01	0.00	True	622.00	623.00	623.00	636.00	[MX]	
Chipewyan	0.00	0.00	0.03	0.00	True	623.00	616.00	610.00	581.00	[CA]	
Skolt Sami	0.00	0.00	0.02	0.00	True	624.00	618.00	615.00	584.00	[FI]	
Inari Sami	0.00	0.00	0.02	0.00	True	624.00	618.00	615.00	584.00	[FI]	
Gwich?in	0.00	0.00	0.02	0.00	True	626.00	622.00	614.00	595.00	[CA]	
Southern Sami	0.00	0.00	0.01	0.00	True	627.00	624.00	624.00	611.00	[SE]	
Tsakonian	0.00	0.00	0.01	0.00	True	628.00	627.00	629.00	640.00	[GR]	
Ingrian	0.00	0.00	0.00	0.00	True	629.00	629.00	631.00	645.00	[RU]	[RU]
Interlingua	0.00	0.00	0.01	0.00	True	630.00	628.00	630.00	639.00	[FR, SE]	
Araona	0.00	0.00	0.00	0.00	True	631.00	630.00	632.00	648.00	[BO]	
Jutish	0.00	0.00	0.00	0.00	True	635.00	634.00	636.00	652.00	[DK]	
Samogitian	0.00	0.00	0.00	0.00	True	635.00	634.00	636.00	652.00	[LT]	[LT]
Literary Chinese	0.00	0.00	0.00	0.00	True	635.00	634.00	636.00	652.00	[CN]	
Vai (Latin)	0.00	0.00	0.00	0.00	True	635.00	634.00	636.00	652.00	[LR]	
Romagnol	0.00	0.00	0.00	0.00	True	635.00	634.00	636.00	652.00	[IT]	
Church Slavic	0.00	0.00	0.00	0.00	True	635.00	634.00	636.00	652.00	[RU]	[RU]
Votic	0.00	0.00	0.00	0.00	True	635.00	634.00	636.00	652.00	[RU]	[RU]
Palatine German	0.00	0.00	0.00	0.00	True	635.00	634.00	636.00	652.00	[DE]	
Bushi				0.00	True				536.00	[YT]	
Chamorro				0.05	True				332.00	[GU, MP]	
Comorian				0.02	True				425.00	[YT]	
East Futuna				0.00	True				591.00	[WF]	
Esperanto			0.02	0.00	True			620.00	631.00	[SM]	
Faroese				0.04	True				344.00	[FO]	
Gheg Albanian					True					[XK]	
Guianese Creole French				0.01	True				464.00	[GF]	
Latin				0.02	True				415.00	[VA]	
Manx					True					[IM]	
Nauru				0.01	True				493.00	[NR]	
Niuean				0.00	True				554.00	[NU]	
Papiamento				0.21	True				205.00	[AW, BQ, CW]	
R?union Creole French				0.16	True				224.00	[RE]	
Tahitian				0.04	True				348.00	[PF]	
Tokelau				0.00	True				531.00	[TK]	
Unknown Language				0.00	True				518.00	[AQ, BV, CP, GS, HM]	
Virgin Islands Creole English				0.00	True				576.00	[SX]	
Wallisian				0.00	True				559.00	[WF]	
